Region,x,y,beds
Sierra Leone,-11.648737,8.280284,2
Sierra Leone,-12.077204,9.539293,3
Sierra Leone,-10.637995,8.236794,4
Liberia,-10.044733,7.26796,5
Liberia,-8.770319,6.755466,6
Liberia,-8.297907,5.094524,7
Guinea,-11.780573,11.35432,8
Guinea,-9.770075,11.375862,45
Guinea,-13.001332,10.937231,456
Guinea,-13.265004,11.467996,8
Guinea,-13.572254,11.190577,8
Guinea,-14.332331,10.666898,9
Nepal,85.323322,27.554372,66
Nepal,85.333322,27.544372,78